開始時間,終了時間,非表示状態,1位プレイヤー名,1位PT,1位最終点数,2位プレイヤー名,2位PT,2位最終点数,3位プレイヤー名,3位PT,3位最終点数,4位プレイヤー名,4位PT,4位最終点数,牌譜リンク,備考
2026-07-06 23:50:05,2026-07-07 00:41:11,no,[JP][104870668]けーびぃー,52700,62.7,[JP][136382147]【ぺた】,31200,11.2,[JP][91745475]のあだよ〜ん,8200,-31.8,[JP][135989001]ちたーふ,7900,-42.1,260706-1228116e-a7dc-4abc-92b2-fb663b811168,
2026-07-07 00:45:42,2026-07-07 01:33:20,no,[JP][128142273]ーはまちー,79800,89.8,[JP][104870668]けーびぃー,19500,-0.5,[JP][127685187]yukke_08,14400,-25.6,[JP][91745475]のあだよ〜ん,-13700,-63.7,260706-5eea97bc-a86e-4633-9916-3cd9179cf8bd,
2026-07-07 01:37:41,2026-07-07 02:08:37,no,[JP][91745475]のあだよ〜ん,43600,53.6,[JP][128142273]ーはまちー,28100,8.1,[JP][127685187]yukke_08,14500,-25.5,[JP][132889350]綴美,13800,-36.2,260707-721a2197-f902-460e-a7fa-0a9f842a79e5,
2026-07-07 02:11:04,2026-07-07 03:03:43,no,[JP][132889350]綴美,33400,43.4,[JP][127685187]yukke_08,30200,10.2,[JP][91745475]のあだよ〜ん,28800,-11.2,[JP][107121024]ミルモでチー,7600,-42.4,260707-1abb0450-3dc0-42fd-8e45-d708eb6edcaa,
2026-07-07 03:14:59,2026-07-07 04:01:49,no,[JP][127685187]yukke_08,42800,52.8,[JP][129773571]うに嫌い。,33500,13.5,[JP][132889350]綴美,21300,-18.7,[JP][107121024]ミルモでチー,2400,-47.6,260707-727de8ff-86c3-411a-a9c1-ae48ec772d32,
2026-07-07 04:05:34,2026-07-07 04:39:53,no,[JP][107121024]ミルモでチー,47700,57.7,[JP][132889350]綴美,31200,11.2,[JP][129773571]うに嫌い。,13600,-26.4,[JP][91745475]のあだよ〜ん,7500,-42.5,260707-7317ba24-d1ff-4d5f-87ad-0e3c75066251,
2026-07-07 05:03:49,2026-07-07 05:45:17,no,[JP][136382147]【ぺた】,52000,62,[JP][132889350]綴美,27800,7.8,[JP][107121024]ミルモでチー,20700,-19.3,[JP][129773571]うに嫌い。,-500,-50.5,260707-7ac11b04-d479-452b-af18-37a7b75193fc,
2026-07-07 18:32:29,2026-07-07 19:04:53,no,[JP][108211976]佐鳥乃愛,48500,58.5,[JP][132889350]綴美,33600,13.6,[JP][130636363]龍華。。,11900,-28.1,[JP][121291970]クッション枕,6000,-44,260707-96108699-5d09-421b-a12f-56ec5f9f2362,
2026-07-07 19:03:38,2026-07-07 19:37:48,no,[JP][123842955]アヤコぽん,40800,50.8,[JP][122700559]ひつじ04,26400,6.4,[JP][103999753]kotetsu0422,17500,-22.5,[JP][129773571]うに嫌い。,15300,-34.7,260707-8230dd1e-1c71-42f8-b464-121fab6da440,
2026-07-07 19:10:56,2026-07-07 19:46:17,no,[JP][136382147]【ぺた】,46700,56.7,[JP][108211976]佐鳥乃愛,32500,12.5,[JP][121291970]クッション枕,12000,-28,[JP][113816715]あるですけど,8800,-41.2,260707-425f5772-b41c-4fe1-bd88-f3b4a6c0f06c,
